model,regime,confidence_level,T,V,p_hat,p_expected,LR_uc,uc_pvalue,uc_reject,n11,pi11,LR_ind,ind_pvalue,ind_reject,LR_cc,cc_pvalue,cc_reject,mean_VaR,mean_ES,mean_ES_to_VaR_ratio,small_sample
GARCH,All,0.95,3178,197,0.061989,0.05,8.9647,0.0028,True,17,0.086294,1.9263,0.1652,False,10.891,0.0043,True,0.014785,0.018715,1.2659,False
GARCH,All,0.99,3178,71,0.022341,0.01,36.1966,0.0,True,1,0.014085,0.2601,0.61,False,36.4567,0.0,True,0.021175,0.024369,1.1509,False
Heston,All,0.95,3178,213,0.067023,0.05,17.6006,0.0,True,33,0.15493,21.6131,0.0,True,39.2137,0.0,True,0.01937,0.024374,1.2583,False
Heston,All,0.99,3178,121,0.038074,0.01,147.6571,0.0,True,14,0.115702,13.9177,0.0002,True,161.5748,0.0,True,0.027505,0.031574,1.1479,False
HistSim,All,0.95,3178,149,0.046885,0.05,0.6625,0.4157,False,11,0.073826,2.1918,0.1387,False,2.8543,0.24,False,0.01588,0.024038,1.5137,False
HistSim,All,0.99,3178,35,0.011013,0.01,0.3191,0.5722,False,4,0.114286,12.2723,0.0005,True,12.5914,0.0018,True,0.027511,0.039541,1.4373,False
Merton,All,0.95,3178,156,0.049087,0.05,0.056,0.8129,False,13,0.083333,3.4714,0.0624,False,3.5274,0.1714,False,0.015612,0.024006,1.5377,False
Merton,All,0.99,3178,31,0.009755,0.01,0.0195,0.889,False,2,0.064516,4.3527,0.037,True,4.3722,0.1124,False,0.029455,0.037368,1.2687,False
